id,name,name_aliases,race,class,class_id,level,location,location_id,alignment,personality,role,primary_faction_id,secondary_faction_ids,disposition,trust,access,leverage,heat,influence_threshold,campaign_ids,notes,version,is_active
npc_barista_kyle,Barista Kyle,,Human,Barista,class_barista,3,The Overpriced Avocado Toast Cafe,location_avocado_cafe,Neutral Good,"Cheerful but fried, remembers your order, judges your laptop stickers",Quest Giver,faction_local_hosts_union,,neutral,2,2,1,0,11,,Knows the WiFi password ritual; trades favors for patience; sends you after the missing napkin,1.0,true
npc_embassy_official,Embassy Official,,Human,Corporate Drone,class_corporate_drone,6,Border Crossing Office,location_border_crossing_office,Lawful Neutral,"Procedural, stone-faced, spiritually laminated",Quest Giver/Obstacle,faction_bureaucracy_machine,,neutral,2,2,1,0,14,,Runs visa quests; demands exact paperwork; can reduce Heat if properly appeased,1.0,true
npc_the_oracle_reddit_mod,The Oracle (Reddit Mod),,Human,Reddit Power User,class_reddit_power_user,7,Online,location_online,True Neutral,"Terminally online, weirdly accurate, communicates in links and disdain",Information Broker,faction_backchannel_network,,wary,1,3,2,1,15,,Knows where the glitches are buried; offers debugging quests; charges in karma and screenshots,1.0,true
npc_influencer_tiffany,Influencer Tiffany,,Human,Influencer,class_influencer,4,The Rooftop Bar,location_the_rooftop_bar,Chaotic Good,"Glossy, frantic, one bad battery percentage away from tears",Quest Giver,faction_creator_clout_ring,,neutral,2,2,1,0,12,,Needs her phone recovered before the algorithm forgets she exists; pays in shoutouts and panic,1.0,true
npc_yuki_the_barista,Yuki the Barista,,Human,Barista,class_barista,4,Shibuya Coffee Stand (Tokyo),location_shibuya_coffee_stand_tokyo,True Neutral,"Efficient, judges your order silently, perfect latte art",Merchant/Healer,faction_local_hosts_union,,warm,1,2,1,0,11,,Sells coffee potions; +2 INT checks if you order correctly; judges loudness harshly,1.0,true
npc_tanaka_san_the_salaryman,Tanaka-san the Salaryman,,Human,Corporate Drone,class_corporate_drone,6,Shinjuku Station (Tokyo),location_shinjuku_station_tokyo,Lawful Neutral,"Exhausted, helpful when asked, apologizes constantly",Information Broker,faction_corporate_machine,,wary,1,3,2,1,14,,Knows all train schedules (+3 INT navigation); will help if you bow correctly,1.0,true
npc_miki_the_harajuku_queen,Miki the Harajuku Queen,,Human,Influencer,class_influencer,5,Takeshita Street (Tokyo),location_takeshita_street_tokyo,Chaotic Good,"Colorful, enthusiastic, speaks in emoji-like expressions",Quest Giver,faction_creator_clout_ring,,neutral,2,2,1,0,13,,Offers fashion quests; rewards with rare Harajuku armor; +2 CHA in Harajuku,1.0,true
npc_kenji_the_gaijin_hunter,Kenji the Gaijin Hunter,,Human,Life Coach,class_life_coach,3,Roppongi Hub Bar (Tokyo),location_roppongi_hub_bar_tokyo,Chaotic Neutral,"Overly friendly, practices English aggressively, wants to party",Ally/Annoyance,faction_wellness_retreat_network,,warm,1,1,0,0,10,,Free drinks but -2 WIS saves vs Hangover; knows all the clubs,1.0,true
npc_hiroshi_the_tech_otaku,Hiroshi the Tech Otaku,,Human,Full Stack Wizard,class_full_stack_wizard,7,Akihabara (Tokyo),location_akihabara_tokyo,True Neutral,"Socially awkward, incredibly knowledgeable about tech/anime",Merchant,faction_founder_vc_syndicate,,neutral,1,2,1,0,14,,Sells rare tech items; +3 INT checks about electronics; speaks in references,1.0,true
npc_mama_san_of_golden_gai,Mama-san of Golden Gai,,Human,Burnout Survivor,class_burnout_survivor,8,Golden Gai (Tokyo),location_golden_gai_tokyo,Neutral Good,"Wise, seen everything, makes perfect highballs",Quest Giver/Healer,faction_nightlife_operators,faction_local_hosts_union,warm,2,2,1,0,16,,Restores full Chill with conversation; knows dark secrets of Tokyo; DC 18 CHA to impress,1.0,true
npc_somchai_the_tuk_tuk_wizard,Somchai the Tuk-Tuk Wizard,,Human,Uber Driver,class_uber_driver,4,Khao San Road (Bangkok),location_khao_san_road_bangkok,Chaotic Neutral,"Aggressive negotiator, knows shortcuts, questionable driving",Transport/Merchant,faction_backchannel_network,,neutral,1,2,1,0,11,,"50% chance of scam, 50% chance of secret location; DEX save DC 12 during rides",1.0,true
npc_nong_the_street_food_sage,Nong the Street Food Sage,,Human,Barista,class_barista,6,Yaowarat (Bangkok),location_yaowarat_bangkok,Neutral Good,"Friendly, doesn't speak English, food is transcendent",Healer,faction_local_hosts_union,,warm,2,2,1,0,13,,Pad Thai restores 2d8+4 Chill; points and gestures communication; legendary reputation,1.0,true
npc_khun_porn_the_visa_agent,Khun Porn the Visa Agent,,Human,Dropshipper,class_dropshipper,5,Silom (Bangkok),location_silom_bangkok,True Neutral,"Efficient, knows every loophole, chain smokes",Quest Giver/Services,faction_bureaucracy_machine,faction_backchannel_network,neutral,2,2,1,0,13,,Solves visa problems for 50 GP; +4 INT on bureaucracy; morally flexible,1.0,true
npc_beer_the_muay_thai_coach,Beer the Muay Thai Coach,,Human,Gig Worker,class_gig_worker,7,Lumphini Stadium (Bangkok),location_lumphini_stadium_bangkok,Lawful Good,"Disciplined, patient, quietly intimidating",Trainer,faction_local_hosts_union,,neutral,2,2,1,0,14,,Teaches combat skills; +2 STR or DEX after training; demands respect,1.0,true
npc_joy_the_go_go_bar_manager,Joy the Go-Go Bar Manager,,Human,Recruiter,class_recruiter,4,Soi Cowboy (Bangkok),location_soi_cowboy_bangkok,Chaotic Neutral,"Business-minded, protective of staff, seen everything",Information Broker,faction_nightlife_operators,faction_backchannel_network,wary,1,3,2,1,12,,Knows all expat secrets; +3 CHA checks in nightlife; expensive information,1.0,true
npc_ajarn_supachai_the_monk,Ajarn Supachai the Monk,,Human,Digital Detox Druid,class_digital_detox_druid,8,Wat Pho (Bangkok),location_wat_pho_bangkok,Lawful Good,"Serene, speaks in koans, judges phone usage",Quest Giver/Healer,faction_wellness_retreat_network,faction_local_resistance,warm,2,2,1,0,16,,Offers meditation quests; removes Burnout; -5 to all checks if phone visible,1.0,true
npc_lin_wei_the_factory_owner,Lin Wei the Factory Owner,,Human,Venture Capitalist,class_venture_capitalist,8,Pudong (Shanghai),location_pudong_shanghai,Lawful Evil,"Shrewd, speaks softly, carries big contracts",Quest Giver,faction_founder_vc_syndicate,faction_corporate_machine,neutral,2,2,1,0,16,,Manufacturing quests; pays well but morally questionable; +4 INT checks about supply chains,1.0,true
npc_xiao_ming_the_fixer,Xiao Ming the Fixer,,Human,Dropshipper,class_dropshipper,6,French Concession (Shanghai),location_french_concession_shanghai,Chaotic Neutral,"Mysterious, knows everyone, always has a solution",Information Broker,faction_backchannel_network,,wary,1,3,2,1,14,,Solves any problem for the right price; VPN access; navigates bureaucracy,1.0,true
npc_mei_mei_the_influencer,Mei Mei the Influencer,,Human,Influencer,class_influencer,5,The Bund (Shanghai),location_the_bund_shanghai,Chaotic Good,"Glamorous, speaks perfect English, strategic selfies",Ally,faction_creator_clout_ring,,warm,1,1,0,0,12,,Access to exclusive locations; +3 CHA in upscale Shanghai; Xiaohongshu famous,1.0,true
npc_zhang_wei_the_coworking_manager,Zhang Wei the Coworking Manager,,Human,Product Manager,class_product_manager,4,Jing'an WeWork (Shanghai),location_jingan_wework_shanghai,True Neutral,"Professional, enforces rules, secretly exhausted",Services,faction_corporate_machine,faction_coworking_collective,neutral,1,2,1,0,11,,Coworking access; +2 INT checks in space; assigns desks passive-aggressively,1.0,true
npc_lao_wang_the_street_bbq_master,Lao Wang the Street BBQ Master,,Human,Craft Brewer,class_craft_brewer,5,Tianzifang (Shanghai),location_tianzifang_shanghai,Neutral Good,"Gruff exterior, warm heart, lamb skewers are legendary",Healer/Merchant,faction_local_hosts_union,,warm,1,2,1,0,12,,Skewers restore 1d8 Chill; +2 CON after eating; speaks no English but communicates,1.0,true
npc_auntie_chen_the_mahjong_queen,Auntie Chen the Mahjong Queen,,Human,Day Trader,class_day_trader,7,Old City (Shanghai),location_old_city_shanghai,Chaotic Good,"Sharp mind, chain smokes, destroys at mahjong",Information Broker/Gambling,faction_crypto_cult,faction_backchannel_network,wary,1,3,2,1,15,,Knows everything through mahjong network; gamble for information; CON DC 14 for smoke,1.0,true
npc_park_min_jun_the_k_drama_extra,Park Min-jun the K-Drama Extra,,Human,Influencer,class_influencer,3,Hongdae (Seoul),location_hongdae_seoul,Chaotic Good,"Dramatic, practices expressions constantly, overly emotional",Quest Giver,faction_creator_clout_ring,,neutral,2,2,1,0,11,,Acting quests; +2 CHA (Drama); knows all filming locations; cries beautifully,1.0,true
npc_kim_soo_young_the_skincare_guru,Kim Soo-young the Skincare Guru,,Human,Barista,class_barista,5,Myeongdong (Seoul),location_myeongdong_seoul,True Neutral,"Flawless skin, judges yours silently, endless routine",Merchant,faction_local_hosts_union,,neutral,1,2,1,0,12,,Sells skincare potions; +2 CHA after 10-step routine; knows all the secrets,1.0,true
npc_lee_ji_hoon_the_cafe_owner,Lee Ji-hoon the Cafe Owner,,Human,Barista,class_barista,6,Gangnam Cafe (Seoul),location_gangnam_cafe_seoul,Lawful Neutral,"Perfectionist, latte art competitions, Instagram famous",Merchant/Healer,faction_local_hosts_union,,warm,1,2,1,0,13,,Coffee restores 1d6 Chill; Instagrammable interior gives +1 CHA; wifi password is complex,1.0,true
npc_choi_yuna_the_idol_trainee,Choi Yuna the Idol Trainee,,Human,Influencer,class_influencer,4,SM Entertainment Area (Seoul),location_sm_entertainment_area_seoul,Lawful Good,"Exhausted, talented, dreams big, strictly scheduled",Quest Giver,faction_creator_clout_ring,,neutral,2,2,1,0,12,,Dance/performance quests; +3 DEX or CHA training; strict time limits,1.0,true
npc_grandma_park_the_pojangmacha_keeper,Grandma Park the Pojangmacha Keeper,,Human,Barista,class_barista,7,Hongdae Tents (Seoul),location_hongdae_tents_seoul,Chaotic Good,"Warm, pours heavy soju, dispenses wisdom",Healer/Information,faction_local_hosts_union,,warm,2,2,1,0,14,,Soju restores 2d6 Chill but -2 WIS; knows local gossip; maternal energy,1.0,true
npc_kim_dong_hyun_the_plastic_surgeon,Kim Dong-hyun the Plastic Surgeon,,Human,UX Designer,class_ux_designer,8,Gangnam District (Seoul),location_gangnam_district_seoul,True Neutral,"Clinical, shows before/afters, professional",Services,faction_founder_vc_syndicate,,neutral,1,2,1,0,15,,Permanent +1 CHA for 500 GP; ethical concerns; medical tourism hub,1.0,true
npc_brad_from_ohio,Brad from Ohio,,Human,Digital Nomad,class_digital_nomad,3,Itaewon (Seoul),location_itaewon_seoul,Chaotic Neutral,"Loud, recently arrived, doesn't understand anything",Comic Relief,faction_coworking_collective,,neutral,1,1,0,0,10,,Source of Cringe damage; -2 to party Stealth; genuinely trying though,1.0,true
npc_jenny_the_army_base_adjacent,Jenny the Army Base Adjacent,,Human,Recruiter,class_recruiter,4,Yongsan (Seoul),location_yongsan_seoul,True Neutral,"Knows military folks, connects communities, entrepreneurial",Information Broker,faction_backchannel_network,,wary,1,3,2,1,12,,Military discount connections; knows import sources; +2 INT on American goods,1.0,true
npc_sergei_the_eastern_european_expat,Sergei the Eastern European Expat,,Human,Day Trader,class_day_trader,5,Ekkamai (Bangkok),location_ekkamai_bangkok,Chaotic Neutral,"Mysterious income, always at coffee shop, vague about visa",Ally/Mystery,faction_crypto_cult,,warm,1,1,0,0,12,,Crypto connections; knows cheap apartments; WIS DC 14 to determine actual job,1.0,true
npc_chad_the_bro_trepreneur,Chad the Bro-trepreneur,,Human,Startup Founder,class_startup_founder,4,Nimman (Chiang Mai via Bangkok),location_nimman_chiang_mai_via_bangkok,Chaotic Neutral,"Drop-shipping, affiliate marketing, 'passive income', loud",Merchant/Annoyance,faction_founder_vc_syndicate,,neutral,1,2,1,0,11,,Sells courses for 100 GP; -2 WIS saves vs pyramid schemes; actually broke,1.0,true
npc_fran_oise_the_jaded_expat,Françoise the Jaded Expat,,Human,Burnout Survivor,class_burnout_survivor,7,Thonglor (Bangkok),location_thonglor_bangkok,True Neutral,"Been here 15 years, seen everything, mildly alcoholic",Information Broker,faction_wellness_retreat_network,,wary,1,3,2,1,15,,Knows all expat history; +4 on local knowledge; warns about scams cynically,1.0,true
npc_takumi_the_konbini_employee,Takumi the Konbini Employee,,Human,Tech Support,class_tech_support,2,Any 7-Eleven (Tokyo),location_any_7_eleven_tokyo,Lawful Neutral,"Robotic efficiency, judges purchases, perfect customer service",Merchant,faction_independent_chaos,,neutral,1,2,1,0,9,,24/7 supplies; onigiri restores 1d4 Chill; knows neighborhood better than maps,1.0,true
npc_the_mysterious_businessman,The Mysterious Businessman,,Human,Venture Capitalist,class_venture_capitalist,9,Peninsula Hotel (All Cities),location_peninsula_hotel_all_cities,Lawful Evil,"Impeccable suit, speaks multiple languages, unclear business",Quest Giver,faction_founder_vc_syndicate,,neutral,2,2,1,0,17,,High-paying morally grey quests; connections everywhere; never gives straight answers,1.0,true
npc_emma_the_digital_nomad_veteran,Emma the Digital Nomad Veteran,,Human,Digital Nomad,class_digital_nomad,6,Various Coworking Spaces,location_various_coworking_spaces,Neutral Good,"Helpful, been everywhere, actually profitable",Mentor,faction_coworking_collective,,warm,2,2,1,0,13,,Teaches Digital Nomad skills; +2 to visa/remote work checks; genuine advice,1.0,true
npc_klaus_the_german_efficiency_expert,Klaus the German Efficiency Expert,,Human,Scrum Master,class_scrum_master,5,Any Coworking Space,location_any_coworking_space,Lawful Neutral,"Punctual, judges tardiness, surprisingly helpful",Services,faction_coworking_collective,,neutral,1,2,1,0,12,,Optimizes workflows; +2 INT (Organization); uncomfortable with small talk,1.0,true
npc_sakura_the_escape_cafe_worker,Sakura the Escape Cafe Worker,,Human,Life Coach,class_life_coach,3,Cat Cafe (Tokyo),location_cat_cafe_tokyo,Neutral Good,"Gentle, lets cats do the healing, knows regular cats' names",Healer,faction_wellness_retreat_network,,warm,2,2,1,0,10,,Cat therapy removes stress conditions; +2 WIS saves after visit; cats judge you,1.0,true
npc_old_zhang_the_tai_chi_master,Old Zhang the Tai Chi Master,,Human,Yoga Teacher,class_yoga_teacher,8,People's Park (Shanghai),location_peoples_park_shanghai,Lawful Good,"Ancient, moves like water, speaks in riddles",Trainer,faction_wellness_retreat_network,,neutral,2,2,1,0,15,,+2 DEX and WIS after training; appears at dawn; quest to understand him,1.0,true
npc_hassan_the_kebab_diplomat,Hassan the Kebab Diplomat,,Human,Gig Worker,class_gig_worker,4,Itaewon/Roppongi/Sukhumvit,location_itaewon_roppongi_sukhumvit,Chaotic Good,"Friendly to everyone, open late, speaks 5 languages",Healer/Information,faction_local_hosts_union,,warm,2,2,1,0,11,,Kebab restores 1d6 Chill; knows all drunk secrets; neutral ground,1.0,true
npc_victor_the_visa_overstayer,Victor the Visa Overstayer,,Human,Ghostwriter,class_ghostwriter,5,Hidden Location (Any City),location_hidden_location_any_city,Chaotic Neutral,"Paranoid, helpful to fellow travelers, knows every loophole",Information Broker,faction_backchannel_network,,wary,1,3,2,1,13,,Illegal but useful advice; -4 CHA with authorities; knows underground network,1.0,true
npc_auntie_lin_the_bubble_tea_oracle,Auntie Lin the Bubble Tea Oracle,,Human,Barista,class_barista,7,Yongkang Street (Taipei),location_yongkang_street_taipei,Neutral Good,"Judges your sugar level choice, knows your relationship status from your order, warm but opinionated",Merchant/Fortune Teller,faction_local_hosts_union,,neutral,1,2,1,0,14,,Bubble tea restores 1d8+3 Chill; predicts your future based on tapioca pearls; +3 WIS insight if order is correct,1.0,true
npc_uncle_chen_the_night_market_emperor,Uncle Chen the Night Market Emperor,,Human,Craft Brewer,class_craft_brewer,8,Shilin Night Market (Taipei),location_shilin_night_market_taipei,Chaotic Good,"Loud, generous with samples, has run same stall for 40 years, knows everyone",Merchant/Information,faction_local_hosts_union,,neutral,1,2,1,0,15,,Food heals all conditions; +4 INT on night market navigation; will adopt you if you're polite,1.0,true
npc_mei_ling_the_scooter_whisperer,Mei-Ling the Scooter Whisperer,,Human,Uber Driver,class_uber_driver,5,Anywhere (Taipei),location_anywhere_taipei,Chaotic Neutral,"Fearless driver, ignores traffic laws, somehow never crashes, offers helmet reluctantly",Transport,faction_backchannel_network,,neutral,1,2,1,0,12,,DEX save DC 14 during rides; arrives anywhere in 10 minutes; +3 DEX checks on scooter,1.0,true
npc_wei_the_tsmc_engineer,Wei the TSMC Engineer,,Human,Full Stack Wizard,class_full_stack_wizard,9,Hsinchu Science Park (Taiwan),location_hsinchu_science_park_taiwan,Lawful Neutral,"Sleep-deprived, makes semiconductors, cannot discuss work, oddly wealthy",Information Broker,faction_founder_vc_syndicate,,wary,1,3,2,1,17,,Knows all tech secrets (NDA-bound); +5 INT (Chips); will not explain what he does,1.0,true
npc_hsiao_ming_the_cram_school_refugee,Hsiao-Ming the Cram School Refugee,,Human,Burnout Survivor,class_burnout_survivor,3,Zhongxiao Dunhua (Taipei),location_zhongxiao_dunhua_taipei,True Neutral,"Exhausted, studying 16 hours daily, parents' expectations visible in eyes",Quest Giver,faction_wellness_retreat_network,,neutral,2,2,1,0,11,,Needs help escaping; +2 INT but -3 WIS and CHA; dreams of being a YouTuber,1.0,true
npc_xiao_mei_the_betel_nut_beauty,Xiao-Mei the Betel Nut Beauty,,Human,Gig Worker,class_gig_worker,4,Highway Rest Stop (Taiwan),location_highway_rest_stop_taiwan,Chaotic Neutral,"Neon booth, revealing outfit, sells stimulants to truckers, judges your vehicle",Merchant,faction_local_hosts_union,,neutral,1,2,1,0,11,,"Betel nut: +2 CON, -2 CHA, red mouth stain; knows all highway secrets; intimidating aura",1.0,true
npc_grandpa_wu_the_hot_spring_sage,Grandpa Wu the Hot Spring Sage,,Human,Digital Detox Druid,class_digital_detox_druid,8,Beitou Hot Springs (Taipei),location_beitou_hot_springs_taipei,Lawful Good,"Naked wisdom, judges phone users, been soaking for decades, skin like leather",Healer/Trainer,faction_wellness_retreat_network,,warm,2,2,1,0,15,,Hot spring removes all conditions; +2 CON and WIS after soak; DC 15 WIS save to not be uncomfortable,1.0,true
npc_sister_chen_the_temple_fortune_teller,Sister Chen the Temple Fortune Teller,,Human,Life Coach,class_life_coach,6,Longshan Temple (Taipei),location_longshan_temple_taipei,True Neutral,"Shakes moon blocks professionally, interprets cryptically, accepts any offering",Fortune Teller,faction_wellness_retreat_network,,neutral,1,1,0,0,13,,Divination: glimpse of future quest; +2 WIS saves for 24 hours; answers always technically correct,1.0,true
npc_a_guo_the_stinky_tofu_master,A-Guo the Stinky Tofu Master,,Human,Craft Brewer,class_craft_brewer,7,Ningxia Night Market (Taipei),location_ningxia_night_market_taipei,Neutral Good,"Smell announces him, fermentation perfectionist, offended if you hold your nose",Healer/Merchant,faction_local_hosts_union,,warm,1,2,1,0,14,,"Stinky tofu: CON save DC 12 or -2 CHA, success = +3 CON and 2d6 Chill; locals respect you",1.0,true
npc_ktv_princess_lily,KTV Princess Lily,,Human,Influencer,class_influencer,4,Cashbox KTV (Taipei),location_cashbox_ktv_taipei,Chaotic Good,"Microphone permanently attached, knows every song, will judge your pitch",Quest Giver/Healer,faction_creator_clout_ring,,warm,2,2,1,0,12,,Karaoke restores 1d8 Chill; +3 CHA (Performance); will duet if CHA check DC 14 passed,1.0,true
npc_convenience_store_auntie_wang,Convenience Store Auntie Wang,,Human,Tech Support,class_tech_support,5,Any Family Mart (Taiwan),location_any_family_mart_taiwan,Lawful Neutral,"Scans items at light speed, knows your purchase history, silently helpful",Merchant/Services,faction_independent_chaos,,neutral,1,2,1,0,12,,"24/7 services; pays bills, prints documents, sells everything; +2 INT (Convenience); knows neighborhood gossip",1.0,true
npc_coach_wang_the_baseball_fanatic,Coach Wang the Baseball Fanatic,,Human,Gig Worker,class_gig_worker,6,Tianmu Baseball Stadium (Taipei),location_tianmu_baseball_stadium_taipei,Lawful Good,"Face painted, knows all stats, will die for the Brothers/Lions, emotional",Ally,faction_local_hosts_union,,warm,1,1,0,0,13,,Baseball knowledge +5; +2 STR during games; will fight over team allegiance; genuine friendship available,1.0,true
npc_elder_pawan_of_wulai,Elder Pawan of Wulai,,Aboriginal Elder,Yoga Teacher,class_yoga_teacher,9,Wulai (Taiwan),location_wulai_taiwan,Neutral Good,"Tattooed face, traditional knowledge, patient with ignorance, brews millet wine",Trainer/Quest Giver,faction_wellness_retreat_network,,neutral,2,2,1,0,17,,Millet wine: +2 all stats but WIS save DC 14; teaches indigenous history; +3 WIS after training,1.0,true
npc_jason_the_taipei_hipster,Jason the Taipei Hipster,,Human,Barista,class_barista,4,Huashan 1914 (Taipei),location_huashan_1914_taipei,True Neutral,"Man bun, specialty coffee only, judges your beans, inexplicably has vinyl",Merchant,faction_local_hosts_union,,neutral,1,2,1,0,11,,"Pour-over coffee: +2 INT, takes 20 minutes; knows underground art scene; -2 CHA if you mention Starbucks",1.0,true
npc_jimmy_the_returned_abc,Jimmy the Returned ABC,,Human,Influencer,class_influencer,4,Da'an District (Taipei),location_daan_district_taipei,Chaotic Good,"American-born, moved back, confused about identity, code-switches constantly",Ally,faction_creator_clout_ring,,warm,1,1,0,0,11,,Translates both ways; +2 CHA with Americans; -2 CHA with locals who find him weird; existential crisis energy,1.0,true
npc_the_idol_that_never_ages,The Idol That Never Ages,,Aberration,Influencer,class_influencer,6,Shibuya Crossing (Tokyo),location_shibuya_crossing_tokyo,Chaotic Neutral,"Impossibly perfect, smile never reaches eyes, has been 22 for two decades, slightly translucent",Thirst Trap,faction_creator_clout_ring,,neutral,1,1,0,0,13,,Non-hostile; CHA save DC 16 or spend 1d4 hours following; +3 CHA checks while nearby; unsettling when alone,1.0,true
npc_the_perfect_salaryman,The Perfect Salaryman,,Aberration,Corporate Drone,class_corporate_drone,7,Shinjuku Station (Tokyo),location_shinjuku_station_tokyo,Lawful Neutral,"Flawless suit, no visible pores, bows at exactly 45 degrees, may not breathe",Thirst Trap,faction_corporate_machine,,neutral,1,1,0,0,14,,Non-hostile; WIS save DC 15 or feel inadequate (-2 all checks for 1 hour); teaches perfect form,1.0,true
npc_the_harajuku_chimera,The Harajuku Chimera,,Aberration,Influencer,class_influencer,5,Takeshita Street (Tokyo),location_takeshita_street_tokyo,Chaotic Good,"Multiple fashion eras simultaneously, colors shift, aesthetically impossible",Thirst Trap,faction_creator_clout_ring,,neutral,1,1,0,0,12,,Non-hostile; INT save DC 14 or become fashion-obsessed; +4 CHA (Fashion) near them; outfit changes when unobserved,1.0,true
npc_the_eternal_backpacker,The Eternal Backpacker,,Aberration,Digital Nomad,class_digital_nomad,5,Khao San Road (Bangkok),location_khao_san_road_bangkok,Chaotic Neutral,"Has been traveling for 47 years, hasn't aged, elephant pants fused to skin",Thirst Trap,faction_coworking_collective,,neutral,1,1,0,0,12,,Non-hostile; WIS save DC 14 or quit your job immediately; knows all secrets of the road; smells of temples,1.0,true
npc_the_ladyboy_siren,The Ladyboy Siren,,Aberration,Influencer,class_influencer,6,Soi Cowboy (Bangkok),location_soi_cowboy_bangkok,Chaotic Good,"Supernaturally beautiful, voice harmonizes with itself, gender is a suggestion",Thirst Trap,faction_creator_clout_ring,,neutral,1,1,0,0,13,,Non-hostile; CHA save DC 17 or be charmed; +3 CHA while charmed; teaches confidence; surprisingly wise,1.0,true
npc_the_beach_body_elemental,The Beach Body Elemental,,Aberration,Yoga Teacher,class_yoga_teacher,7,Full Moon Party (Thailand),location_full_moon_party_thailand,True Neutral,"Abs that ripple like waves, tan that glows, made partially of sand and coconut oil",Thirst Trap,faction_wellness_retreat_network,,neutral,1,1,0,0,14,,Non-hostile; CON save DC 15 or feel body shame; +2 DEX and CON if you work out with them; dissolves at dawn,1.0,true
npc_the_little_fresh_meat,The Little Fresh Meat,,Aberration,Influencer,class_influencer,5,The Bund (Shanghai),location_the_bund_shanghai,Chaotic Neutral,"K-pop adjacent, jawline could cut glass, skin literally poreless, age indeterminate",Thirst Trap,faction_creator_clout_ring,,neutral,1,1,0,0,12,,Non-hostile; CHA save DC 16 or buy whatever they're selling; +3 CHA (Fashion); slightly two-dimensional in photos,1.0,true
npc_the_socialite_specter,The Socialite Specter,,Aberration,Venture Capitalist,class_venture_capitalist,8,Xintiandi (Shanghai),location_xintiandi_shanghai,Lawful Evil,"Designer everything, name-drops ghosts of dynasties, champagne never empties",Thirst Trap,faction_founder_vc_syndicate,,neutral,1,1,0,0,15,,Non-hostile; WIS save DC 17 or feel poor; can open any door; connection to old Shanghai; slightly transparent in daylight,1.0,true
npc_the_gym_bro_golem,The Gym Bro Golem,,Aberration,Gig Worker,class_gig_worker,6,Jing'an Gym (Shanghai),location_jingan_gym_shanghai,Lawful Neutral,"Muscles have muscles, protein shakes flow through veins, speaks only in fitness",Thirst Trap,faction_local_hosts_union,,neutral,1,1,0,0,13,,Non-hostile; STR save DC 14 or start lifting; +3 STR while training with; made of compressed protein powder,1.0,true
npc_the_k_pop_simulacrum,The K-Pop Simulacrum,,Aberration,Influencer,class_influencer,7,Gangnam District (Seoul),location_gangnam_district_seoul,Lawful Neutral,"Too perfect, choreography in sleep, face optimized by algorithm, multiple backup bodies",Thirst Trap,faction_creator_clout_ring,,neutral,1,1,0,0,14,,Non-hostile; CHA save DC 18 or become a fan; +4 CHA (Performance); may be several entities in one,1.0,true
npc_the_aegyo_entity,The Aegyo Entity,,Aberration,Influencer,class_influencer,4,Hongdae (Seoul),location_hongdae_seoul,Chaotic Good,"Weaponized cuteness, eyes 40% too large, voice causes insulin spikes, aegyo is involuntary",Thirst Trap,faction_creator_clout_ring,,neutral,1,1,0,0,11,,Non-hostile; WIS save DC 15 or must protect them; +3 CHA when acting cute; actually 300 years old,1.0,true
npc_the_plastic_surgery_perfection,The Plastic Surgery Perfection,,Aberration,UX Designer,class_ux_designer,8,Apgujeong (Seoul),location_apgujeong_seoul,True Neutral,"Face is mathematically perfect, uncanny valley ambassador, before photo doesn't exist",Thirst Trap,faction_founder_vc_syndicate,,neutral,1,1,0,0,15,,Non-hostile; INT save DC 16 or book consultation; +2 CHA permanently visible in their presence; reflection doesn't match,1.0,true
npc_the_bubble_tea_nymph,The Bubble Tea Nymph,,Aberration,Barista,class_barista,5,Yongkang Street (Taipei),location_yongkang_street_taipei,Chaotic Good,"Emerges from tapioca, skin has boba texture, straw always in hand, speaks in sweetness levels",Thirst Trap,faction_local_hosts_union,,neutral,1,1,0,0,12,,Non-hostile; CON save DC 14 or crave bubble tea constantly; +3 CHA checks in tea shops; grants sugar immunity,1.0,true
npc_the_night_market_incubus,The Night Market Incubus,,Aberration,Gig Worker,class_gig_worker,6,Raohe Night Market (Taipei),location_raohe_night_market_taipei,Chaotic Neutral,"Impossibly handsome vendor, food is too delicious, eye contact causes hunger, slightly smoky",Thirst Trap,faction_local_hosts_union,,neutral,1,1,0,0,13,,"Non-hostile; WIS save DC 16 or eat until full (+4 Chill, -2 DEX); knows your cravings; appears at different stalls",1.0,true
npc_the_hot_springs_spirit,The Hot Springs Spirit,,Aberration,Digital Detox Druid,class_digital_detox_druid,7,Jiaoxi (Taiwan),location_jiaoxi_taiwan,Neutral Good,"Made of steam and mineral water, ageless beauty, modesty is optional, voice echoes",Thirst Trap,faction_wellness_retreat_network,,neutral,1,1,0,0,14,,Non-hostile; CHA save DC 15 or soak for hours; removes all negative conditions; +2 CON and WIS; vanishes if photographed,1.0,true
npc_venture_capitalist_chad,Venture Capitalist Chad,,Human,Venture Capitalist,class_venture_capitalist,6,The Startup Incubator,location_the_startup_incubator,Lawful Evil,Smiles like your pitch deck already owes him blood,Quest Giver,faction_founder_vc_syndicate,,neutral,2,2,1,0,14,,Will fund terrible ideas if the vibes say monopoly; loves artificial urgency,1.0,true
npc_disgruntled_guest,Disgruntled Guest,,Human,Digital Nomad,class_digital_nomad,3,The Airbnb That Looked Better In Photos,location_the_airbnb_that_looked_better_in_photos,True Neutral,"Sleep-deprived, refund-focused, fueled by betrayal and mildew",Quest Giver,faction_coworking_collective,,neutral,2,2,1,0,11,,"Wants answers, compensation, and maybe holy water; suspicious of all decorative lighting",1.0,true
npc_yoga_teacher_luna,Yoga Teacher Luna,,Human,Yoga Teacher,class_yoga_teacher,5,Retreat Center,location_retreat_center,Neutral Good,"Soft voice, dangerous calm, can spot a dopamine addiction at 40 paces",Quest Giver,faction_wellness_retreat_network,,neutral,2,2,1,0,13,,"Frames suffering as growth until your second panic attack, then gets practical",1.0,true
npc_crypto_bro_kevin,Crypto Bro Kevin,,Human,Crypto Bro,class_crypto_bro,5,The Blockchain,location_the_blockchain,Chaotic Neutral,Sleep-deprived optimism in a hoodie with bad tokenomics on it,Quest Giver,faction_crypto_cult,,neutral,2,2,1,0,13,,Needs help before the chart becomes a crime scene; calls every collapse a buying opportunity,1.0,true
npc_store_manager,Store Manager,,Human,Corporate Drone,class_corporate_drone,4,The Gentrified Neighborhood,location_the_gentrified_neighborhood,Lawful Neutral,Has perfected the thousand-yard stare of retail middle command,Quest Giver/Obstacle,faction_local_hosts_union,faction_local_resistance,neutral,2,2,1,0,12,,"Wants the store saved, the district pacified, and corporate off their back",1.0,true
npc_airline_rep,Airline Rep,,Human,Corporate Drone,class_corporate_drone,4,Airport,location_airport,Lawful Neutral,"Polite, exhausted, and spiritually tethered to a broken printer",Quest Giver,faction_bureaucracy_machine,,neutral,2,2,1,0,12,,"Can help if you approach with documents, patience, and very low expectations",1.0,true
npc_your_mom,Your Mom,,Human,Momfluencer,class_momfluencer,5,The Coffee Shop,location_the_coffee_shop,Lawful Good,"Loving, meddling, relentless, somehow tracking your hydration remotely",Quest Giver/Pressure,faction_independent_chaos,,neutral,2,2,1,0,13,,Set up the date because she worries you are becoming furniture,1.0,true
npc_recruiter_dan,Recruiter Dan,,Human,Recruiter,class_recruiter,4,The Tech Conference,location_the_tech_conference,True Neutral,Weaponized enthusiasm in a lanyard ecosystem,Quest Giver,faction_founder_vc_syndicate,,neutral,2,2,1,0,12,,"Promises opportunity, means pipeline; collects resumes like trophies",1.0,true
npc_hipster_baker,Hipster Baker,,Human,Craft Brewer,class_craft_brewer,3,The Farmer's Market,location_the_farmer_s_market,Neutral Good,Fermentation evangelist with flour on every garment he owns,Quest Giver,faction_local_hosts_union,,neutral,2,2,1,0,11,,Treats sourdough starter like a bloodline and expects you to do the same,1.0,true
npc_local_resident,Local Resident,,Human,Burnout Survivor,class_burnout_survivor,4,The Old Neighborhood,location_the_old_neighborhood,Lawful Good,"Tired, sharp, impossible to impress with pop-up concepts",Quest Giver,faction_local_resistance,,neutral,2,2,1,0,12,,Wants a future that doesn't smell like venture-backed coffee foam,1.0,true
npc_publicist,Publicist,,Human,Social Media Manager,class_social_media_manager,5,Twitter,location_twitter,True Neutral,"Calm in crisis, dangerous with screenshots, allergic to unsanctioned sincerity",Quest Giver,faction_creator_clout_ring,,neutral,2,2,1,0,13,,Specializes in surviving 24-hour reputational infernos with plausible remorse,1.0,true
npc_ceo,CEO,,Human,Startup Founder,class_startup_founder,6,Corporate HQ,location_corporate_hq,Lawful Evil,Uses the word family when asking for unpaid labor,Quest Giver,faction_corporate_machine,,neutral,2,2,1,0,14,,Thinks exposure is compensation and burnout is a personality test,1.0,true
npc_devops_dave,DevOps Dave,,Human,DevOps Engineer,class_devops_engineer,5,The Coworking Space,location_the_coworking_space,Neutral Good,"Sleepy, competent, one YAML file away from transcendence",Quest Giver,faction_founder_vc_syndicate,faction_coworking_collective,neutral,2,2,1,0,13,,Needs a team that can survive a hackathon without becoming folklore,1.0,true
npc_friend_from_high_school,Friend from High School,,Human,Life Coach,class_life_coach,3,Facebook,location_facebook,Chaotic Neutral,"Too cheerful, too familiar, too eager to change your life through oils",Quest Giver,faction_wellness_retreat_network,faction_creator_clout_ring,neutral,2,2,1,0,11,,Says this is not a pyramid scheme with the confidence of a person who has rehearsed it,1.0,true
npc_freelancer_jane,Freelancer Jane,,Human,Ghostwriter,class_ghostwriter,4,Upwork,location_upwork,Neutral Good,"Capable, underpaid, one unread invoice from spiritual violence",Quest Giver,faction_coworking_collective,,neutral,2,2,1,0,12,,"Just wants the client to answer, pay, and stop clearly being an AI",1.0,true
npc_tiktok_star,TikTok Star,,Human,Influencer,class_influencer,4,The Street,location_the_street,Chaotic Good,Can cry on cue and find the light in any public inconvenience,Quest Giver,faction_creator_clout_ring,,neutral,2,2,1,0,12,,Needs a viral hit before the algorithm decides they are old news at 24,1.0,true
npc_neighbor,Neighbor,,Human,Burnout Survivor,class_burnout_survivor,3,Apartment Complex,location_apartment_complex,Lawful Neutral,"Sleep deprived, conspiracy-adjacent, fully done with upstairs basslines",Quest Giver,faction_local_resistance,,neutral,2,2,1,0,11,,Just wants one quiet night and is open to methods both legal and emotionally inventive,1.0,true
npc_irs_agent,IRS Agent,,Human,Corporate Drone,class_corporate_drone,8,The Office,location_the_office,Lawful Evil,"Clinical, unsmiling, speaks fluent receipt and dread",Quest Giver/Antagonist,faction_bureaucracy_machine,,neutral,2,2,1,0,16,,Will absolutely admire good paperwork while ruining your month with it,1.0,true
npc_therapist,Therapist,,Human,Life Coach,class_life_coach,6,The Clinic,location_the_clinic,Neutral Good,"Warm, direct, professionally unshockable",Quest Giver/Healer,faction_wellness_retreat_network,,warm,2,2,1,0,14,,Knows burnout when it walks in wearing confidence and an optimized calendar,1.0,true
npc_the_world,The World,,Concept,Doomscroller,class_doomscroller,20,Global,location_global,True Neutral,"Indifferent, immense, and somehow always posting through it",Quest Giver/Antagonist,faction_independent_chaos,,neutral,2,2,1,0,28,,"The long campaign boss of rootlessness, projection, and impossible expectations",1.0,true
npc_coffee_snob,Coffee Snob,,Human,Craft Brewer,class_craft_brewer,3,The Cafe,location_the_cafe,True Neutral,Knows beans the way cultists know prophecy,Quest Giver,faction_local_hosts_union,,neutral,2,2,1,0,11,,Needs the perfect flat white because normal joy no longer registers,1.0,true
npc_grandma,Grandma,,Human,Burnout Survivor,class_burnout_survivor,4,Phone,location_phone,Neutral Good,"Trusting, sweet, and dangerously confident around scam callers",Quest Giver,faction_independent_chaos,,neutral,2,2,1,0,12,,One gift card away from financing organized nonsense,1.0,true
npc_podcaster,Podcaster,,Human,Podcast Host,class_podcast_host,4,Studio,location_studio,Chaotic Neutral,"Speaks in questions, callbacks, and monetizable vulnerability",Quest Giver,faction_creator_clout_ring,,neutral,2,2,1,0,12,,Needs a guest who sounds insightful without requiring actual editing heroics,1.0,true
npc_restaurant_owner,Restaurant Owner,,Human,Barista,class_barista,5,The Bistro,location_the_bistro,Lawful Neutral,Hospitable until a Karen weaponizes Yelp,Quest Giver,faction_local_hosts_union,faction_nightlife_operators,neutral,2,2,1,0,13,,Would like one five-star review and one less emotional hostage situation,1.0,true
npc_founder,Founder,,Human,Startup Founder,class_startup_founder,10,The Boardroom,location_the_boardroom,Lawful Neutral,"Calm, exhausted, considering an exit that looks like freedom from one angle and moral surrender from another",Quest Giver,faction_founder_vc_syndicate,,neutral,2,2,1,0,18,,Needs help surviving acquisition theater without getting spiritually liquidated,1.0,true
